id;nombre;apellido1;apellido2;email;nif;telefono;fecha_nacimiento;especialidad;rol;password
6fad07ac-2402-4e2d-ba87-94fbb5c31956;María;García;;maria.garcia1@mail.com;39958838H;676804025;1956-09-07;;paciente;password
d4cb8fe4-b9b7-42ec-ad3c-7ea03f7022db;Miguel;Pérez;Jiménez;miguel.perez2@demo.es;10872248X;663193008;1993-05-26;;paciente;password
10337735-6779-4c4b-ad58-d8b121135d39;Luis;Gómez;;luis.gomez3@udc.es;20576383P;786857022;1960-04-28;;paciente;password
e29e740e-e703-4b1f-9dbd-d20a4178959b;María;Pérez;Sánchez;maria.perez4@mail.com;59684848D;722966171;1979-05-21;;paciente;password
ee093bd0-ffd0-4255-af66-9c13e071c744;Miguel;López;;miguel.lopez5@example.com;40742311L;684095724;1996-08-05;;paciente;password
fe26a6ca-5e8e-48db-9c77-ba5c8d71dbf1;Jorge;González;Martín;jorge.gonzalez6@demo.es;88461803P;783295001;1995-03-26;;paciente;password
7d142e33-6a5f-4c35-a074-b3a1a4984aa5;Pablo;Jiménez;Pérez;pablo.jimenez7@udc.es;81016525Z;798076526;1962-05-14;;paciente;password
ddf0d223-0e13-46ac-b94e-47c6f348ad45;Carlos;Gómez;Martínez;carlos.gomez8@mail.com;78139880W;682661757;1988-01-20;;paciente;password
0bc7ced7-20ca-4260-ac13-d268f82ba748;Lucía;Gómez;Sánchez;lucia.gomez9@demo.es;42138745P;625078951;1997-08-18;;paciente;password
0db8bf8c-effe-45fa-94f0-6f5cd5f906cf;Carlos;Martínez;;carlos.martinez10@udc.es;38427073F;673638420;1956-10-18;;paciente;password
575ed5b6-b4ac-4f35-b0f4-ab6bbbba6dc4;Ana;Jiménez;Fernández;ana.jimenez11@example.com;40728046Z;698026219;1991-10-16;;paciente;password
c72c277f-03fb-4fea-ae7a-fa517e61749a;Ana;Gómez;;ana.gomez12@mail.com;22660194L;663480660;2001-06-26;;paciente;password
f5d482ff-019a-4161-a8e6-11d45f5ab3c4;María;López;Martín;maria.lopez13@udc.es;28814949C;714808806;1989-01-03;;paciente;password
409ab6c7-1527-4908-a1fb-1e068c7b5337;Ana;González;Gómez;ana.gonzalez14@mail.com;63826716Z;610397267;2005-09-22;;paciente;password
136e38c3-19e0-433d-b9eb-df111d87bc5d;Laura;González;López;laura.gonzalez15@example.com;87736262W;670558190;1966-02-20;;paciente;password
0318f812-6530-4e7f-89a6-18838e83faca;María;López;Jiménez;maria.lopez16@mail.com;87701200S;664559272;1980-03-22;;paciente;password
4210c60a-6d08-4897-ac5e-1ec65c19b209;Jorge;Gómez;Fernández;jorge.gomez17@example.com;71510041M;602298831;1989-12-10;;paciente;password
19b232a2-02c3-4d98-a3e7-8181482dcf96;Sara;Martín;Martín;sara.martin18@demo.es;99038526C;691115267;1968-11-21;;paciente;password
4325639c-500a-473b-90b7-a3f3a2888eb8;Jorge;Martín;García;jorge.martin19@example.com;95132217P;780319147;1990-01-04;;paciente;password
6fee07c5-9df3-49e3-8819-df63d2848cdd;María;González;;maria.gonzalez20@demo.es;88183110Y;640399036;1997-02-12;;paciente;password
21ae6f9f-39c4-47d3-b803-ff8c12b11276;Miguel;Pérez;;miguel.perez21@mail.com;41774346K;698807398;2002-04-09;;paciente;password
9bf1dc09-e159-4a33-99cd-994c6e221c97;Carlos;Fernández;García;carlos.fernandez22@udc.es;39854548X;684372013;1959-05-12;;paciente;password
9471e60f-236d-466a-a1c6-1dce4e0cf31a;Miguel;Pérez;;miguel.perez23@demo.es;13704481T;682590537;1982-10-17;;paciente;password
2e810a60-f267-4d3d-a99c-6fea528dc4da;María;Pérez;;maria.perez24@mail.com;44188276D;670957763;1959-11-11;;paciente;password
4b92fa0c-feb6-4781-923a-1354c48f084d;Sara;Sánchez;;sara.sanchez25@example.com;50308572M;763651637;1966-10-19;;paciente;password
90f4c915-907c-47ad-87be-8eef38b75142;Jorge;Pérez;;jorge.perez26@example.com;50785405W;727634657;2005-12-06;;paciente;password
f19fc5ac-2683-4c0b-816a-be15a1b79bd4;María;Martínez;;maria.martinez27@demo.es;22534217J;662102480;1981-11-19;;paciente;password
6b9e8d3c-c16e-437c-a73e-f16337d7fcc8;Ana;Pérez;López;ana.perez28@mail.com;98054615A;688872864;1990-04-28;;paciente;password
0311d6b2-09be-4445-ac42-92cfcf28e021;María;Gómez;Gómez;maria.gomez29@demo.es;69401199X;785874226;2004-09-16;;paciente;password
1088b85c-238b-440d-b575-5f006dfdfa1e;Ana;Martínez;Martínez;ana.martinez30@mail.com;46468984Z;735126704;1989-08-14;;paciente;password
86687e1a-995d-475a-ac70-07a700dabec8;Luis;López;;luis.lopez31@udc.es;88393811G;687303789;1981-09-24;;paciente;password
24381dbf-4591-494a-a176-6b1a8689f1d3;Miguel;Jiménez;;miguel.jimenez32@udc.es;39450273Y;740364141;1994-09-01;;paciente;password
63785620-7b70-4326-872e-557eff50abcf;Pablo;Jiménez;;pablo.jimenez33@example.com;21267237B;714032373;2003-07-09;;paciente;password
c6cf3f30-572e-4d03-bbaf-d4cbf5998225;María;Gómez;Martín;maria.gomez34@example.com;56970882C;667679101;1963-08-22;;paciente;password
0419b1cd-1a73-4514-b55d-69ea8a75a5c7;María;Jiménez;;maria.jimenez35@udc.es;44392446P;716718910;1974-10-22;;paciente;password
08d09efa-da19-4d39-8820-1df7a5e21a53;Pablo;Pérez;;pablo.perez36@mail.com;20200074W;617861973;1982-11-12;;paciente;password
e314c342-6e58-4298-80be-e5e4faa72e0c;María;Martín;;maria.martin37@example.com;66379329H;719687479;1972-10-26;;paciente;password
8efd8020-0279-4ee6-a15f-ca35deacd22d;Miguel;Gómez;Jiménez;miguel.gomez38@demo.es;53258988G;680824630;1975-03-16;;paciente;password
d0583874-41af-46a2-b25e-9229328b0fc5;Ana;Sánchez;;ana.sanchez39@demo.es;47535126Z;755124524;2000-08-15;;paciente;password
e456c87b-e7ec-40de-9cbf-75434bbb4c50;Luis;Fernández;Pérez;luis.fernandez40@mail.com;51098277M;745473722;1962-12-07;;paciente;password
cb6f09fe-2f9f-4953-894b-e9587b32eafe;Lucía;Fernández;;lucia.fernandez41@mail.com;35708194G;672575982;1978-03-10;;paciente;password
0838a5e0-0eae-499e-9806-06d16878fe08;Luis;Martín;García;luis.martin42@example.com;84270583D;761848544;1966-01-09;;paciente;password
0314286e-3fc5-4196-8626-cf020c37592c;Laura;Fernández;;laura.fernandez43@udc.es;76001106K;656189025;1981-10-20;;paciente;password
b52b0b33-2f3e-46b4-aab3-d5715974e7bf;Sara;López;;sara.lopez44@udc.es;70467027H;725450907;1995-04-09;;paciente;password
faf4f131-4c0c-474a-b2ba-53b8011fb5c0;María;González;Martín;maria.gonzalez45@example.com;31009452R;646402280;1969-05-26;;paciente;password
ff59652d-5458-4102-bec7-3cda8340c861;Sara;López;Martín;sara.lopez46@mail.com;96924061Z;698013752;1962-08-23;;paciente;password
1108ecf9-9a7a-4a9c-8908-e949abd179e2;Jorge;Pérez;;jorge.perez47@udc.es;68755000L;658760268;1992-01-25;;paciente;password
e8639f57-3b3a-4c59-aa37-fe99af140b36;Jorge;Jiménez;González;jorge.jimenez48@udc.es;79654147H;791564033;1997-02-28;;paciente;password
abbf1ec1-7921-42cf-b740-43ef64932b5c;Carlos;Sánchez;Gómez;carlos.sanchez49@demo.es;98930456G;785433945;1955-11-28;;paciente;password
6e3d0ed4-750c-4a94-9261-ba495a24b7b0;Miguel;Gómez;López;miguel.gomez50@demo.es;93568503H;767259461;1995-10-26;;paciente;password
e2c9b55e-6464-4e2f-afee-88c16bbd8586;Ana;González;García;ana.gonzalez51@udc.es;22510327C;699418475;1972-07-27;;paciente;password
6be6c6b6-bab7-4162-8803-52feb7dcd1a2;Laura;Gómez;Martín;laura.gomez52@mail.com;61484043Y;695882749;1987-05-27;;paciente;password
05f39cb1-b275-4b34-9d71-6fda91eedc62;Luis;Martínez;;luis.martinez53@udc.es;29944139W;753554316;1991-07-08;;paciente;password
709908c1-7af6-4bf8-882a-33d6f3f41b2a;Pablo;García;Gómez;pablo.garcia54@udc.es;61818612V;640558845;1984-01-24;;paciente;password
51ab7eb3-7848-415f-9481-1def3ed1cec9;Carlos;Pérez;;carlos.perez55@mail.com;20043277L;772630365;1975-11-23;;paciente;password
3672b88e-b667-468b-a4f6-50e75285abfe;Laura;Martín;Fernández;laura.martin56@mail.com;94712997D;797406846;1956-01-11;;paciente;password
8327e70e-d02a-4734-825e-5628409f7f92;Luis;Martínez;Pérez;luis.martinez57@mail.com;42775624V;757108629;1964-04-15;;paciente;password
59a338b8-a6d4-43bc-b67c-327baf740d74;Jorge;Gómez;García;jorge.gomez58@udc.es;48605268N;609929643;1979-08-04;;paciente;password
5b5e0c47-37c5-45d7-9a81-dce862833006;Ana;Pérez;;ana.perez59@demo.es;49625201X;696256706;1986-05-25;;paciente;password
211db22c-4c1b-4bf5-8054-b8922174d621;Ana;Jiménez;;ana.jimenez60@mail.com;95445405M;666768696;1974-08-02;;paciente;password
9d204b5e-5e60-4523-8dbf-6ff06dd7101e;Sara;Sánchez;;sara.sanchez61@example.com;49609054D;771159598;1971-08-26;;paciente;password
24971679-bc0b-492b-92ed-24d8ef8dae58;Jorge;Sánchez;;jorge.sanchez62@udc.es;20106509R;672663850;1980-01-09;;paciente;password
6fddcbd1-6b91-4c44-ae86-500bb8ae54e6;Miguel;Fernández;Martínez;miguel.fernandez63@udc.es;95704631K;712085920;2007-08-23;;paciente;password
5a3f3205-5018-4e1d-bf72-38801bee9613;Jorge;Pérez;García;jorge.perez64@example.com;50851122P;712533965;1992-12-24;;paciente;password
6a6e60b9-5c82-4bd2-b5ef-458d7dcffbe4;Carlos;Pérez;;carlos.perez65@udc.es;92631441E;792624239;1978-09-21;;paciente;password
6218da10-c093-4edd-81e4-718aea8d2fcb;Lucía;García;López;lucia.garcia66@example.com;71031132W;666507215;1959-09-07;;paciente;password
f3cabec4-a1a0-4a72-81a6-5d7c50514ae1;Sara;López;;sara.lopez67@mail.com;54098516D;675299571;1956-03-01;;paciente;password
548cae12-a49e-438d-9e79-fc8939c539e1;Lucía;López;;lucia.lopez68@example.com;33386929Z;707574751;1987-04-20;;paciente;password
b037c79d-c7ca-44c2-aee8-be62d96b18e4;Luis;Martín;García;luis.martin69@example.com;74287863W;741748311;1994-11-19;;paciente;password
364fee85-c076-44ad-8e10-005187b0f8ea;Miguel;Sánchez;Jiménez;miguel.sanchez70@demo.es;70896652A;707867724;1969-07-11;;paciente;password
abfd03a7-376b-4399-aa63-03c511951493;Laura;Pérez;Fernández;laura.perez71@demo.es;67279295V;763190800;2002-06-26;;paciente;password
20001c1d-ecc8-4e11-a4fb-870f5c94608c;Carlos;Martín;Martín;carlos.martin72@demo.es;99927658H;648949023;1961-10-17;;paciente;password
dfa74ca3-ef1c-42f6-bc80-4d004327c4c7;Ana;González;;ana.gonzalez73@mail.com;24524825V;783758898;1994-11-21;;paciente;password
2c109a7a-3d24-4e5c-85f6-5f201f2e7fb1;Miguel;García;;miguel.garcia74@demo.es;13886030X;627931160;2002-11-01;;paciente;password
d67f7feb-0ba1-44bc-a8c2-06f70d5602c1;María;Martín;Pérez;maria.martin75@udc.es;55754284F;637750016;1998-02-09;;paciente;password
9da9a778-fa48-4f59-a388-5d8cfbe3e1dc;Laura;Pérez;Gómez;laura.perez76@udc.es;46663833F;671426460;1980-10-02;;paciente;password
4d7de0f2-1d48-4497-9a7d-133e8463ea74;Luis;López;López;luis.lopez77@mail.com;44295247F;730713758;2006-06-03;;paciente;password
68f9d61b-0646-41e2-8eb3-13922a463579;Pablo;García;Gómez;pablo.garcia78@example.com;52018286Z;757410386;1999-06-03;;paciente;password
aff6f42a-04b4-4e02-b310-d10e40f4b7bc;Pablo;Fernández;Jiménez;pablo.fernandez79@udc.es;80325062T;633331515;2004-06-12;;paciente;password
5b82084d-b81b-4dca-b868-18d0c9cbcea9;Carlos;López;Martínez;carlos.lopez80@mail.com;33286644D;676174774;1991-11-21;;paciente;password
761581fa-b954-4058-b004-e34e08f5e813;Sara;Sánchez;;sara.sanchez81@demo.es;30261159J;704320534;1958-06-27;;paciente;password
c2035faa-940e-4808-be59-a14c6fcbb261;Jorge;Fernández;;jorge.fernandez82@example.com;92545028C;745784863;1985-09-05;;paciente;password
755cf05b-7d01-4a9f-9932-ee442f6becab;Luis;Gómez;Sánchez;luis.gomez83@example.com;77719420M;607956393;2004-06-22;;paciente;password
88bc5af7-78ad-45c0-a4ba-8b9f89aab442;Sara;García;;sara.garcia84@demo.es;18846539V;706276983;1992-11-05;;paciente;password
f039a6a4-824d-435e-af7d-41d0def1ee9b;Lucía;Martínez;;lucia.martinez85@udc.es;27307598C;633786876;1988-02-21;;paciente;password
676e8a72-d676-4add-8069-dcfb669a77fe;Pablo;Martín;Sánchez;pablo.martin86@demo.es;34194479B;637191275;1989-12-17;;paciente;password
ce8cbc29-cde3-44a8-b003-cc6bf864c30d;Luis;Sánchez;;luis.sanchez87@mail.com;90161060W;711669703;2001-04-15;;paciente;password
69100548-0da2-4993-8c48-c643cafc717e;Sara;Martínez;;sara.martinez88@udc.es;41407343Y;638483994;1973-07-17;;paciente;password
0ff6df96-7f66-4baf-adb6-24e6726ccaaa;Miguel;Pérez;;miguel.perez89@mail.com;91156554X;680439751;1960-03-09;;paciente;password
470497db-d86a-4b0e-b483-b07ac9ab3c11;Laura;Martín;Pérez;laura.martin90@example.com;39801436M;789433302;1975-02-27;;paciente;password
8973cf49-dc6d-4059-9d83-8a13715c81a9;Lucía;González;Martínez;lucia.gonzalez91@udc.es;28628439V;740028575;1962-05-08;;paciente;password
0a4c916c-fd2e-4ec6-894d-7d5250cec26a;Jorge;Fernández;Pérez;jorge.fernandez92@udc.es;18429833W;684565720;1977-04-19;;paciente;password
f3f77334-c494-4891-a3ac-75d1d2051a7e;Pablo;González;;pablo.gonzalez93@example.com;80260907S;705595346;1978-05-24;;paciente;password
fe435045-4aef-4c2d-8428-cdc2dee00055;Luis;Sánchez;;luis.sanchez94@demo.es;42363373H;677305817;1984-12-16;;paciente;password
cccbe0e8-cd57-4012-981a-deb11c660770;Carlos;González;Gómez;carlos.gonzalez95@example.com;49385195D;601095952;2003-11-07;;paciente;password
d01d13bd-6ca5-4773-8673-09e32d2ca04b;Jorge;Sánchez;;jorge.sanchez96@example.com;98010774T;727444931;1999-08-12;;paciente;password
b1c4e1f6-e689-4970-b37d-34f39a4b402d;Miguel;Martínez;;miguel.martinez97@udc.es;20593403P;768530636;1982-03-23;;paciente;password
c1f0ca33-d8eb-4f54-8a75-2c7e1ff6ea15;Laura;Sánchez;Sánchez;laura.sanchez98@udc.es;46850196R;606386916;2005-08-02;;paciente;password
1242301b-7c84-4bf8-b5da-166df15f5286;Carlos;Fernández;Sánchez;carlos.fernandez99@demo.es;61385847C;666937553;1996-05-08;;paciente;password
53425001-03f0-411b-a6f8-1a03e4eff62e;María;García;;maria.garcia100@udc.es;79490594H;791772669;1967-02-05;;paciente;password
6bbde71f-77cc-4040-adf5-19515d441ec9;María;Gómez;Gómez;maria.gomez101@example.com;52894344W;775221771;1978-09-08;Medicina general;medico;password
f7ff18ef-7f31-4c2d-8397-4789b565d8cc;Ana;González;Gómez;ana.gonzalez102@example.com;58438711N;749180374;1981-07-27;Dermatología;medico;password
644de102-1268-44b8-9ae7-50bb32fb1764;María;González;;maria.gonzalez103@example.com;70394554H;763876194;1958-02-17;Cardiología;medico;password
07426f69-3726-4633-a82a-930545c03480;Jorge;González;López;jorge.gonzalez104@demo.es;79645282P;782651355;1965-10-19;Cardiología;medico;password
24fd9be7-1e81-409d-a92c-c4a7c4fe558c;Carlos;Jiménez;;carlos.jimenez105@demo.es;85647532V;680065674;1995-01-16;Traumatología;medico;password
e5bb1a61-30b1-4fa1-ad13-7cbe66501d8d;Miguel;Martínez;;miguel.martinez106@demo.es;74819756C;686200442;1993-03-11;Endocrinología;medico;password
1bc17e06-d020-4636-a382-9620da071578;Lucía;Sánchez;;lucia.sanchez107@mail.com;00000000T;751214109;1994-07-08;;admin;password
